{"cameraAperture": [20.954999923706055, 15.290800094604492], "cameraApertureOffset": [0.0, 0.0], "cameraFisheyeLensP": [], "cameraFisheyeLensS": [], "cameraFisheyeMaxFOV": 0.0, "cameraFisheyeNominalHeight": 0, "cameraFisheyeNominalWidth": 0, "cameraFisheyeOpticalCentre": [0.0, 0.0], "cameraFisheyePolynomial": [0.0, 0.0, 0.0, 0.0, 0.0, 0.0], "cameraFocalLength": 50.0, "cameraFocusDistance": 0.0, "cameraFStop": 0.0, "cameraModel": "pinhole", "cameraNearFar": [1.0, 1000000.0], "cameraProjection": [4.772130773757322, 0.0, 0.0, 0.0, 0.0, 4.772130773757322, 0.0, 0.0, 0.0, 0.0, 1.000001000001e-06, -1.0, 0.0, 0.0, 1.000001000001, 0.0], "cameraViewTransform": [-1.0, -9.381338629959641e-17, 7.871878152127329e-17, 0.0, 9.381338629959641e-17, -0.17364813235510845, 0.9848077610019036, -0.0, -7.87187815212733e-17, 0.9848077610019036, 0.1736481323551084, 0.0, 1.4999999999999998, -0.5908846800807888, -0.10418888355315925, 1.0], "metersPerSceneUnit": 1.0, "renderProductResolution": [512, 512]}