{
  "timestamp": "2025-09-27T00:50:02.300280",
  "frame_index": 83,
  "data_path": "/home/wj/lecture-vision/lecture-standalone/replicator_output/advanced_dataset/Replicator_04",
  "model_path": "models/best.pt",
  "objects": [
    {
      "class": "soup_can",
      "confidence": 0.9907412528991699,
      "num_points": 9895,
      "centroid": [
        0.18621026019890882,
        -0.08895609689576928,
        0.46296781920133784
      ],
      "min_bound": [
        -0.03793705409097814,
        -0.3017001467388554,
        0.375
      ],
      "max_bound": [
        0.3630388442462546,
        0.10531042857865709,
        0.49999701976776123
      ]
    },
    {
      "class": "meat_can",
      "confidence": 0.9850620031356812,
      "num_points": 6037,
      "centroid": [
        0.7534671843026808,
        0.5916307231025945,
        0.4539396258721155
      ],
      "min_bound": [
        0.6096596350127227,
        0.500520517461389,
        0.375
      ],
      "max_bound": [
        0.9240879421140515,
        0.7286343166523301,
        0.4999988079071045
      ]
    },
    {
      "class": "banana",
      "confidence": 0.9831337928771973,
      "num_points": 2855,
      "centroid": [
        0.03894294403928283,
        -0.6091493383682377,
        0.48151118650954156
      ],
      "min_bound": [
        -0.09486161007944138,
        -0.7257880888529069,
        0.375
      ],
      "max_bound": [
        0.1884014058413489,
        -0.53982749367957,
        0.49991631507873535
      ]
    },
    {
      "class": "marker",
      "confidence": 0.9781067371368408,
      "num_points": 1977,
      "centroid": [
        0.6314203660217552,
        -0.03539342577028222,
        0.4602128731583367
      ],
      "min_bound": [
        0.517077366796539,
        -0.11954156757577292,
        0.375
      ],
      "max_bound": [
        0.759006729747508,
        0.0398471891919243,
        0.4999963045120239
      ]
    }
  ]
}