{"cameraAperture": [20.954999923706055, 15.290800094604492], "cameraApertureOffset": [0.0, 0.0], "cameraFisheyeLensP": [], "cameraFisheyeLensS": [], "cameraFisheyeMaxFOV": 0.0, "cameraFisheyeNominalHeight": 0, "cameraFisheyeNominalWidth": 0, "cameraFisheyeOpticalCentre": [0.0, 0.0], "cameraFisheyePolynomial": [0.0, 0.0, 0.0, 0.0, 0.0, 0.0], "cameraFocalLength": 50.0, "cameraFocusDistance": 0.0, "cameraFStop": 0.0, "cameraModel": "pinhole", "cameraNearFar": [1.0, 1000000.0], "cameraProjection": [4.772130773757322, 0.0, 0.0, 0.0, 0.0, 4.772130773757322, 0.0, 0.0, 0.0, 0.0, 1.000001000001e-06, -1.0, 0.0, 0.0, 1.000001000001, 0.0], "cameraViewTransform": [0.8147692449078949, 0.40610931007729817, -0.41379500458652096, 0.0, -0.41845365223640546, 0.9058997760549452, 0.06513168717001809, 0.0, 0.4013073865283711, 0.12008673537131681, 0.9080372005075714, -0.0, -0.8461954627031071, -1.8914907911851233, -0.1963568490655779, 0.9999999999999998], "metersPerSceneUnit": 1.0, "renderProductResolution": [512, 512]}