{"cameraAperture": [20.954999923706055, 15.290800094604492], "cameraApertureOffset": [0.0, 0.0], "cameraFisheyeLensP": [], "cameraFisheyeLensS": [], "cameraFisheyeMaxFOV": 0.0, "cameraFisheyeNominalHeight": 0, "cameraFisheyeNominalWidth": 0, "cameraFisheyeOpticalCentre": [0.0, 0.0], "cameraFisheyePolynomial": [0.0, 0.0, 0.0, 0.0, 0.0, 0.0], "cameraFocalLength": 50.0, "cameraFocusDistance": 0.0, "cameraFStop": 0.0, "cameraModel": "pinhole", "cameraNearFar": [1.0, 1000000.0], "cameraProjection": [4.772130773757322, 0.0, 0.0, 0.0, 0.0, 4.772130773757322, 0.0, 0.0, 0.0, 0.0, 1.000001000001e-06, -1.0, 0.0, 0.0, 1.000001000001, 0.0], "cameraViewTransform": [-0.34881901703502527, 0.053117397061684134, 0.9356836193308664, -0.0, -0.06598064105227684, -0.9973070639313317, 0.032018357843532075, 0.0, 0.9348646149903465, -0.050568392915508596, 0.3513843896317726, 0.0, -0.5018249466888384, 0.9836437137138824, -1.5843712962630647, 0.9999999999999998], "metersPerSceneUnit": 1.0, "renderProductResolution": [512, 512]}