{"cameraAperture": [20.954999923706055, 15.290800094604492], "cameraApertureOffset": [0.0, 0.0], "cameraFisheyeLensP": [], "cameraFisheyeLensS": [], "cameraFisheyeMaxFOV": 0.0, "cameraFisheyeNominalHeight": 0, "cameraFisheyeNominalWidth": 0, "cameraFisheyeOpticalCentre": [0.0, 0.0], "cameraFisheyePolynomial": [0.0, 0.0, 0.0, 0.0, 0.0, 0.0], "cameraFocalLength": 50.0, "cameraFocusDistance": 0.0, "cameraFStop": 0.0, "cameraModel": "pinhole", "cameraNearFar": [1.0, 1000000.0], "cameraProjection": [4.772130773757322, 0.0, 0.0, 0.0, 0.0, 4.772130773757322, 0.0, 0.0, 0.0, 0.0, 1.000001000001e-06, -1.0, 0.0, 0.0, 1.000001000001, 0.0], "cameraViewTransform": [0.8074236753695813, 0.5876873172060931, 0.051871241047248606, 0.0, -0.5622271511135197, 0.7398276036169172, 0.36953450106481905, 0.0, 0.17879496358525432, -0.3275343251043382, 0.9277680889505703, 0.0, -0.5817203260282114, -1.3022270942655512, -1.1308992082227274, 0.9999999999999999], "metersPerSceneUnit": 1.0, "renderProductResolution": [512, 512]}