{"cameraAperture": [20.954999923706055, 15.290800094604492], "cameraApertureOffset": [0.0, 0.0], "cameraFisheyeLensP": [], "cameraFisheyeLensS": [], "cameraFisheyeMaxFOV": 0.0, "cameraFisheyeNominalHeight": 0, "cameraFisheyeNominalWidth": 0, "cameraFisheyeOpticalCentre": [0.0, 0.0], "cameraFisheyePolynomial": [0.0, 0.0, 0.0, 0.0, 0.0, 0.0], "cameraFocalLength": 50.0, "cameraFocusDistance": 0.0, "cameraFStop": 0.0, "cameraModel": "pinhole", "cameraNearFar": [1.0, 1000000.0], "cameraProjection": [4.772130773757322, 0.0, 0.0, 0.0, 0.0, 4.772130773757322, 0.0, 0.0, 0.0, 0.0, 1.000001000001e-06, -1.0, 0.0, 0.0, 1.000001000001, 0.0], "cameraViewTransform": [0.7492968969712898, 0.6452297147880514, -0.14910659054423603, 0.0, -0.5358922310601697, 0.723056959531827, 0.43589924290131965, -0.0, 0.3890677021786185, -0.2467128866255675, 0.8875579275147794, 0.0, -0.7461762276466836, -1.3931113568601254, -1.2456839291781483, 1.0000000000000002], "metersPerSceneUnit": 1.0, "renderProductResolution": [512, 512]}