{"cameraAperture": [20.954999923706055, 15.290800094604492], "cameraApertureOffset": [0.0, 0.0], "cameraFisheyeLensP": [], "cameraFisheyeLensS": [], "cameraFisheyeMaxFOV": 0.0, "cameraFisheyeNominalHeight": 0, "cameraFisheyeNominalWidth": 0, "cameraFisheyeOpticalCentre": [0.0, 0.0], "cameraFisheyePolynomial": [0.0, 0.0, 0.0, 0.0, 0.0, 0.0], "cameraFocalLength": 50.0, "cameraFocusDistance": 0.0, "cameraFStop": 0.0, "cameraModel": "pinhole", "cameraNearFar": [1.0, 1000000.0], "cameraProjection": [4.772130773757322, 0.0, 0.0, 0.0, 0.0, 4.772130773757322, 0.0, 0.0, 0.0, 0.0, 1.000001000001e-06, -1.0, 0.0, 0.0, 1.000001000001, 0.0], "cameraViewTransform": [0.7772261514000798, -0.37908371285180437, -0.5022101634080206, 0.0, -0.1674257154699798, 0.6447780066196339, -0.7458082541638811, 0.0, 0.6065378301303107, 0.6637445749910893, 0.4376699667451638, -0.0, -1.3688932746173499, -0.783317859114955, 0.7435411717322143, 0.9999999999999998], "metersPerSceneUnit": 1.0, "renderProductResolution": [512, 512]}