{"cameraAperture": [20.954999923706055, 15.290800094604492], "cameraApertureOffset": [0.0, 0.0], "cameraFisheyeLensP": [], "cameraFisheyeLensS": [], "cameraFisheyeMaxFOV": 0.0, "cameraFisheyeNominalHeight": 0, "cameraFisheyeNominalWidth": 0, "cameraFisheyeOpticalCentre": [0.0, 0.0], "cameraFisheyePolynomial": [0.0, 0.0, 0.0, 0.0, 0.0, 0.0], "cameraFocalLength": 50.0, "cameraFocusDistance": 0.0, "cameraFStop": 0.0, "cameraModel": "pinhole", "cameraNearFar": [1.0, 1000000.0], "cameraProjection": [4.772130773757322, 0.0, 0.0, 0.0, 0.0, 4.772130773757322, 0.0, 0.0, 0.0, 0.0, 1.000001000001e-06, -1.0, 0.0, 0.0, 1.000001000001, 0.0], "cameraViewTransform": [-0.9940629862392718, -0.018243304206673194, -0.10726584377463202, 0.0, -0.10508517875840305, -0.0946384267265829, 0.9899498337754449, 0.0, -0.02821142666324158, 0.9953445383576179, 0.09215945620111136, 0.0, 1.5156792253712383, -0.9454370067377328, -0.9093333408062038, 0.9999999999999998], "metersPerSceneUnit": 1.0, "renderProductResolution": [512, 512]}