{"cameraAperture": [20.954999923706055, 15.290800094604492], "cameraApertureOffset": [0.0, 0.0], "cameraFisheyeLensP": [], "cameraFisheyeLensS": [], "cameraFisheyeMaxFOV": 0.0, "cameraFisheyeNominalHeight": 0, "cameraFisheyeNominalWidth": 0, "cameraFisheyeOpticalCentre": [0.0, 0.0], "cameraFisheyePolynomial": [0.0, 0.0, 0.0, 0.0, 0.0, 0.0], "cameraFocalLength": 50.0, "cameraFocusDistance": 0.0, "cameraFStop": 0.0, "cameraModel": "pinhole", "cameraNearFar": [1.0, 1000000.0], "cameraProjection": [4.772130773757322, 0.0, 0.0, 0.0, 0.0, 4.772130773757322, 0.0, 0.0, 0.0, 0.0, 1.000001000001e-06, -1.0, 0.0, 0.0, 1.000001000001, 0.0], "cameraViewTransform": [0.6913116403302784, 0.15139804157566955, 0.7065174088095153, -0.0, 0.6048817437599537, 0.4135844878356742, -0.6804894910927141, 0.0, -0.3952294169337317, 0.8977897885522843, 0.19433785931070496, 0.0, -0.8530798070070479, -1.3298923790664987, -0.09163313902517392, 1.0000000000000002], "metersPerSceneUnit": 1.0, "renderProductResolution": [512, 512]}