{"cameraAperture": [20.954999923706055, 15.290800094604492], "cameraApertureOffset": [0.0, 0.0], "cameraFisheyeLensP": [], "cameraFisheyeLensS": [], "cameraFisheyeMaxFOV": 0.0, "cameraFisheyeNominalHeight": 0, "cameraFisheyeNominalWidth": 0, "cameraFisheyeOpticalCentre": [0.0, 0.0], "cameraFisheyePolynomial": [0.0, 0.0, 0.0, 0.0, 0.0, 0.0], "cameraFocalLength": 50.0, "cameraFocusDistance": 0.0, "cameraFStop": 0.0, "cameraModel": "pinhole", "cameraNearFar": [1.0, 1000000.0], "cameraProjection": [4.772130773757322, 0.0, 0.0, 0.0, 0.0, 4.772130773757322, 0.0, 0.0, 0.0, 0.0, 1.000001000001e-06, -1.0, 0.0, 0.0, 1.000001000001, 0.0], "cameraViewTransform": [0.9180079029432868, 0.05205615123619564, -0.39313057277721747, 0.0, -0.3951923654234387, 0.03776545865470139, -0.917821749820534, 0.0, -0.03293151142441037, 0.9979298208045864, 0.05524118304516624, 0.0, -0.4160230309165697, -1.1564366641597132, 1.6154974903455013, 0.9999999999999998], "metersPerSceneUnit": 1.0, "renderProductResolution": [512, 512]}