{"cameraAperture": [20.954999923706055, 15.290800094604492], "cameraApertureOffset": [0.0, 0.0], "cameraFisheyeLensP": [], "cameraFisheyeLensS": [], "cameraFisheyeMaxFOV": 0.0, "cameraFisheyeNominalHeight": 0, "cameraFisheyeNominalWidth": 0, "cameraFisheyeOpticalCentre": [0.0, 0.0], "cameraFisheyePolynomial": [0.0, 0.0, 0.0, 0.0, 0.0, 0.0], "cameraFocalLength": 50.0, "cameraFocusDistance": 0.0, "cameraFStop": 0.0, "cameraModel": "pinhole", "cameraNearFar": [1.0, 1000000.0], "cameraProjection": [4.772130773757322, 0.0, 0.0, 0.0, 0.0, 4.772130773757322, 0.0, 0.0, 0.0, 0.0, 1.000001000001e-06, -1.0, 0.0, 0.0, 1.000001000001, 0.0], "cameraViewTransform": [0.8091608611140283, -0.4695719691360901, 0.3532150430585576, 0.0, 0.5341765967164648, 0.33745033096912647, -0.7751016950370072, 0.0, 0.24477349603586426, 0.8158611646171678, 0.5238859567767578, -0.0, -1.7690892705298102, -0.24269864339515929, -0.03774009537730273, 0.9999999999999998], "metersPerSceneUnit": 1.0, "renderProductResolution": [512, 512]}