{"cameraAperture": [20.954999923706055, 15.290800094604492], "cameraApertureOffset": [0.0, 0.0], "cameraFisheyeLensP": [], "cameraFisheyeLensS": [], "cameraFisheyeMaxFOV": 0.0, "cameraFisheyeNominalHeight": 0, "cameraFisheyeNominalWidth": 0, "cameraFisheyeOpticalCentre": [0.0, 0.0], "cameraFisheyePolynomial": [0.0, 0.0, 0.0, 0.0, 0.0, 0.0], "cameraFocalLength": 50.0, "cameraFocusDistance": 0.0, "cameraFStop": 0.0, "cameraModel": "pinhole", "cameraNearFar": [1.0, 1000000.0], "cameraProjection": [4.772130773757322, 0.0, 0.0, 0.0, 0.0, 4.772130773757322, 0.0, 0.0, 0.0, 0.0, 1.000001000001e-06, -1.0, 0.0, 0.0, 1.000001000001, 0.0], "cameraViewTransform": [-0.49961295159336555, -0.8576768958122383, -0.12156167566321399, 0.0, 0.8045713818665711, -0.5114526876154476, 0.30179635486906037, 0.0, -0.32101680654053255, 0.0529763222658821, 0.9455906721185969, 0.0, -0.12922996698806055, 1.5537643082407895, -1.1411774752923483, 1.0], "metersPerSceneUnit": 1.0, "renderProductResolution": [512, 512]}