{"cameraAperture": [20.954999923706055, 15.290800094604492], "cameraApertureOffset": [0.0, 0.0], "cameraFisheyeLensP": [], "cameraFisheyeLensS": [], "cameraFisheyeMaxFOV": 0.0, "cameraFisheyeNominalHeight": 0, "cameraFisheyeNominalWidth": 0, "cameraFisheyeOpticalCentre": [0.0, 0.0], "cameraFisheyePolynomial": [0.0, 0.0, 0.0, 0.0, 0.0, 0.0], "cameraFocalLength": 50.0, "cameraFocusDistance": 0.0, "cameraFStop": 0.0, "cameraModel": "pinhole", "cameraNearFar": [1.0, 1000000.0], "cameraProjection": [4.772130773757322, 0.0, 0.0, 0.0, 0.0, 4.772130773757322, 0.0, 0.0, 0.0, 0.0, 1.000001000001e-06, -1.0, 0.0, 0.0, 1.000001000001, 0.0], "cameraViewTransform": [0.7531247629525826, 0.4980040832794482, -0.42987791809374487, 0.0, -0.6089258422220222, 0.7750237942000109, -0.16895986830611573, 0.0, 0.24902291079701225, 0.38901163409442585, 0.8869371671304387, -0.0, -0.4651819603373267, -1.7412532347152236, -0.0889828516904331, 1.0000000000000002], "metersPerSceneUnit": 1.0, "renderProductResolution": [512, 512]}