{"cameraAperture": [20.954999923706055, 15.290800094604492], "cameraApertureOffset": [0.0, 0.0], "cameraFisheyeLensP": [], "cameraFisheyeLensS": [], "cameraFisheyeMaxFOV": 0.0, "cameraFisheyeNominalHeight": 0, "cameraFisheyeNominalWidth": 0, "cameraFisheyeOpticalCentre": [0.0, 0.0], "cameraFisheyePolynomial": [0.0, 0.0, 0.0, 0.0, 0.0, 0.0], "cameraFocalLength": 50.0, "cameraFocusDistance": 0.0, "cameraFStop": 0.0, "cameraModel": "pinhole", "cameraNearFar": [1.0, 1000000.0], "cameraProjection": [4.772130773757322, 0.0, 0.0, 0.0, 0.0, 4.772130773757322, 0.0, 0.0, 0.0, 0.0, 1.000001000001e-06, -1.0, 0.0, 0.0, 1.000001000001, 0.0], "cameraViewTransform": [-0.6743880806892726, 0.6269533779470455, 0.39003868847209, -0.0, 0.2839329246819337, -0.2674280032721306, 0.9207955024583062, 0.0, 0.681603118321654, 0.7317183371671577, 0.0023375516095341105, -0.0, -0.010085934294082664, -1.1672994190860062, -1.4293611785675104, 1.0000000000000002], "metersPerSceneUnit": 1.0, "renderProductResolution": [512, 512]}