{"cameraAperture": [20.954999923706055, 15.290800094604492], "cameraApertureOffset": [0.0, 0.0], "cameraFisheyeLensP": [], "cameraFisheyeLensS": [], "cameraFisheyeMaxFOV": 0.0, "cameraFisheyeNominalHeight": 0, "cameraFisheyeNominalWidth": 0, "cameraFisheyeOpticalCentre": [0.0, 0.0], "cameraFisheyePolynomial": [0.0, 0.0, 0.0, 0.0, 0.0, 0.0], "cameraFocalLength": 50.0, "cameraFocusDistance": 0.0, "cameraFStop": 0.0, "cameraModel": "pinhole", "cameraNearFar": [1.0, 1000000.0], "cameraProjection": [4.772130773757322, 0.0, 0.0, 0.0, 0.0, 4.772130773757322, 0.0, 0.0, 0.0, 0.0, 1.000001000001e-06, -1.0, 0.0, 0.0, 1.000001000001, 0.0], "cameraViewTransform": [0.9394909833352728, 0.32756795011149453, -0.10027926152238924, 0.0, -0.30940591114222615, 0.6857076879312008, -0.6588421274192291, 0.0, -0.14705330455984722, 0.6500032344317991, 0.7455676500802784, 0.0, -0.8132004038044212, -1.8875946716298713, 0.08197372262198786, 1.0], "metersPerSceneUnit": 1.0, "renderProductResolution": [512, 512]}