{"cameraAperture": [20.954999923706055, 15.290800094604492], "cameraApertureOffset": [0.0, 0.0], "cameraFisheyeLensP": [], "cameraFisheyeLensS": [], "cameraFisheyeMaxFOV": 0.0, "cameraFisheyeNominalHeight": 0, "cameraFisheyeNominalWidth": 0, "cameraFisheyeOpticalCentre": [0.0, 0.0], "cameraFisheyePolynomial": [0.0, 0.0, 0.0, 0.0, 0.0, 0.0], "cameraFocalLength": 50.0, "cameraFocusDistance": 0.0, "cameraFStop": 0.0, "cameraModel": "pinhole", "cameraNearFar": [1.0, 1000000.0], "cameraProjection": [4.772130773757322, 0.0, 0.0, 0.0, 0.0, 4.772130773757322, 0.0, 0.0, 0.0, 0.0, 1.000001000001e-06, -1.0, 0.0, 0.0, 1.000001000001, 0.0], "cameraViewTransform": [0.187297469067284, -0.8291967491782082, -0.5266425820547377, 0.0, 0.8129282501860765, 0.4318036516776474, -0.3907598577736109, 0.0, 0.5514229938353982, -0.3549343003291461, 0.7549531934626585, 0.0, -1.7558750594474282, 0.6431024978761232, 0.02489723390775888, 1.0000000000000002], "metersPerSceneUnit": 1.0, "renderProductResolution": [512, 512]}