{"cameraAperture": [20.954999923706055, 15.290800094604492], "cameraApertureOffset": [0.0, 0.0], "cameraFisheyeLensP": [], "cameraFisheyeLensS": [], "cameraFisheyeMaxFOV": 0.0, "cameraFisheyeNominalHeight": 0, "cameraFisheyeNominalWidth": 0, "cameraFisheyeOpticalCentre": [0.0, 0.0], "cameraFisheyePolynomial": [0.0, 0.0, 0.0, 0.0, 0.0, 0.0], "cameraFocalLength": 50.0, "cameraFocusDistance": 0.0, "cameraFStop": 0.0, "cameraModel": "pinhole", "cameraNearFar": [1.0, 1000000.0], "cameraProjection": [4.772130773757322, 0.0, 0.0, 0.0, 0.0, 4.772130773757322, 0.0, 0.0, 0.0, 0.0, 1.000001000001e-06, -1.0, 0.0, 0.0, 1.000001000001, 0.0], "cameraViewTransform": [-0.577045030526881, -0.6437195910340516, -0.5026371662175247, 0.0, -0.5855669174387852, -0.10292329415242381, 0.8040635427141639, 0.0, -0.5693245277918998, 0.7583085675632092, -0.3175495212006527, 0.0, 1.9517685063390797, 0.4981597970925482, -0.11891996575789604, 0.9999999999999998], "metersPerSceneUnit": 1.0, "renderProductResolution": [512, 512]}