{"cameraAperture": [20.954999923706055, 15.290800094604492], "cameraApertureOffset": [0.0, 0.0], "cameraFisheyeLensP": [], "cameraFisheyeLensS": [], "cameraFisheyeMaxFOV": 0.0, "cameraFisheyeNominalHeight": 0, "cameraFisheyeNominalWidth": 0, "cameraFisheyeOpticalCentre": [0.0, 0.0], "cameraFisheyePolynomial": [0.0, 0.0, 0.0, 0.0, 0.0, 0.0], "cameraFocalLength": 50.0, "cameraFocusDistance": 0.0, "cameraFStop": 0.0, "cameraModel": "pinhole", "cameraNearFar": [1.0, 1000000.0], "cameraProjection": [4.772130773757322, 0.0, 0.0, 0.0, 0.0, 4.772130773757322, 0.0, 0.0, 0.0, 0.0, 1.000001000001e-06, -1.0, 0.0, 0.0, 1.000001000001, 0.0], "cameraViewTransform": [0.857314715854314, -0.3855013676119462, -0.3411746965250443, 0.0, -0.19001029724673574, 0.37898340889324994, -0.9056862937705632, 0.0, 0.4784428543931283, 0.8412848930968457, 0.25165882405984674, -0.0, -0.9418576535653838, -0.6697917558988066, 0.8473155326482268, 1.0], "metersPerSceneUnit": 1.0, "renderProductResolution": [512, 512]}