{"cameraAperture": [20.954999923706055, 15.290800094604492], "cameraApertureOffset": [0.0, 0.0], "cameraFisheyeLensP": [], "cameraFisheyeLensS": [], "cameraFisheyeMaxFOV": 0.0, "cameraFisheyeNominalHeight": 0, "cameraFisheyeNominalWidth": 0, "cameraFisheyeOpticalCentre": [0.0, 0.0], "cameraFisheyePolynomial": [0.0, 0.0, 0.0, 0.0, 0.0, 0.0], "cameraFocalLength": 50.0, "cameraFocusDistance": 0.0, "cameraFStop": 0.0, "cameraModel": "pinhole", "cameraNearFar": [1.0, 1000000.0], "cameraProjection": [4.772130773757322, 0.0, 0.0, 0.0, 0.0, 4.772130773757322, 0.0, 0.0, 0.0, 0.0, 1.000001000001e-06, -1.0, 0.0, 0.0, 1.000001000001, 0.0], "cameraViewTransform": [-0.3670409714580779, -0.8709592650987336, 0.32666631875628704, 0.0, 0.8605971862109423, -0.4512378628399196, -0.23612893559551357, 0.0, 0.3530628957521857, 0.1944591208412081, 0.9151678763837513, -0.0, -0.676355955648427, 1.0231466280646646, -0.7679784127968535, 0.9999999999999998], "metersPerSceneUnit": 1.0, "renderProductResolution": [512, 512]}