{"cameraAperture": [20.954999923706055, 15.290800094604492], "cameraApertureOffset": [0.0, 0.0], "cameraFisheyeLensP": [], "cameraFisheyeLensS": [], "cameraFisheyeMaxFOV": 0.0, "cameraFisheyeNominalHeight": 0, "cameraFisheyeNominalWidth": 0, "cameraFisheyeOpticalCentre": [0.0, 0.0], "cameraFisheyePolynomial": [0.0, 0.0, 0.0, 0.0, 0.0, 0.0], "cameraFocalLength": 50.0, "cameraFocusDistance": 0.0, "cameraFStop": 0.0, "cameraModel": "pinhole", "cameraNearFar": [1.0, 1000000.0], "cameraProjection": [4.772130773757322, 0.0, 0.0, 0.0, 0.0, 4.772130773757322, 0.0, 0.0, 0.0, 0.0, 1.000001000001e-06, -1.0, 0.0, 0.0, 1.000001000001, 0.0], "cameraViewTransform": [-0.8649481285677059, -0.13636602582125842, 0.48297933898764106, 0.0, 0.12414620255185217, -0.9906045095475138, -0.05736223545228773, 0.0, 0.48626377130028675, 0.010344692641402984, 0.8737508409466492, -0.0, 0.6173671614114611, 0.9880952631080692, -1.4561011769745733, 0.9999999999999998], "metersPerSceneUnit": 1.0, "renderProductResolution": [512, 512]}