{"cameraAperture": [20.954999923706055, 15.290800094604492], "cameraApertureOffset": [0.0, 0.0], "cameraFisheyeLensP": [], "cameraFisheyeLensS": [], "cameraFisheyeMaxFOV": 0.0, "cameraFisheyeNominalHeight": 0, "cameraFisheyeNominalWidth": 0, "cameraFisheyeOpticalCentre": [0.0, 0.0], "cameraFisheyePolynomial": [0.0, 0.0, 0.0, 0.0, 0.0, 0.0], "cameraFocalLength": 50.0, "cameraFocusDistance": 0.0, "cameraFStop": 0.0, "cameraModel": "pinhole", "cameraNearFar": [1.0, 1000000.0], "cameraProjection": [4.772130773757322, 0.0, 0.0, 0.0, 0.0, 4.772130773757322, 0.0, 0.0, 0.0, 0.0, 1.000001000001e-06, -1.0, 0.0, 0.0, 1.000001000001, 0.0], "cameraViewTransform": [-0.8984860181624363, 0.37361970795998906, -0.23050203684675358, 0.0, -0.4237865703438106, -0.6011306974102085, 0.6775299457790386, -0.0, 0.11457669031194914, 0.7064348508213681, 0.6984425413605266, -0.0, 1.2960651481007215, -0.32936025715914985, -1.098040843761518, 1.0], "metersPerSceneUnit": 1.0, "renderProductResolution": [512, 512]}