{"cameraAperture": [20.954999923706055, 15.290800094604492], "cameraApertureOffset": [0.0, 0.0], "cameraFisheyeLensP": [], "cameraFisheyeLensS": [], "cameraFisheyeMaxFOV": 0.0, "cameraFisheyeNominalHeight": 0, "cameraFisheyeNominalWidth": 0, "cameraFisheyeOpticalCentre": [0.0, 0.0], "cameraFisheyePolynomial": [0.0, 0.0, 0.0, 0.0, 0.0, 0.0], "cameraFocalLength": 50.0, "cameraFocusDistance": 0.0, "cameraFStop": 0.0, "cameraModel": "pinhole", "cameraNearFar": [1.0, 1000000.0], "cameraProjection": [4.772130773757322, 0.0, 0.0, 0.0, 0.0, 4.772130773757322, 0.0, 0.0, 0.0, 0.0, 1.000001000001e-06, -1.0, 0.0, 0.0, 1.000001000001, 0.0], "cameraViewTransform": [0.16911326807641208, 0.6715276261134102, -0.7214231420789071, 0.0, -0.2612432117321635, 0.7363260554753782, 0.6241601752370413, 0.0, 0.9503434573270755, 0.08291313161712073, 0.29995453942399763, -0.0, -1.0124665601674736, -1.7275428955347842, -0.24057160996642196, 0.9999999999999998], "metersPerSceneUnit": 1.0, "renderProductResolution": [512, 512]}