{"cameraAperture": [20.954999923706055, 15.290800094604492], "cameraApertureOffset": [0.0, 0.0], "cameraFisheyeLensP": [], "cameraFisheyeLensS": [], "cameraFisheyeMaxFOV": 0.0, "cameraFisheyeNominalHeight": 0, "cameraFisheyeNominalWidth": 0, "cameraFisheyeOpticalCentre": [0.0, 0.0], "cameraFisheyePolynomial": [0.0, 0.0, 0.0, 0.0, 0.0, 0.0], "cameraFocalLength": 50.0, "cameraFocusDistance": 0.0, "cameraFStop": 0.0, "cameraModel": "pinhole", "cameraNearFar": [1.0, 1000000.0], "cameraProjection": [4.772130773757322, 0.0, 0.0, 0.0, 0.0, 4.772130773757322, 0.0, 0.0, 0.0, 0.0, 1.000001000001e-06, -1.0, 0.0, 0.0, 1.000001000001, 0.0], "cameraViewTransform": [-0.5040978527472262, -0.06987129372060806, 0.8608155186620676, -0.0, 0.7738867796799452, -0.47900416297084125, 0.4143117957447114, 0.0, 0.38338571581664277, 0.8750274362386659, 0.2955374405000963, -0.0, -0.8457232090931794, 0.08795794301876035, -1.4325284714993745, 1.0000000000000002], "metersPerSceneUnit": 1.0, "renderProductResolution": [512, 512]}