{"cameraAperture": [20.954999923706055, 15.290800094604492], "cameraApertureOffset": [0.0, 0.0], "cameraFisheyeLensP": [], "cameraFisheyeLensS": [], "cameraFisheyeMaxFOV": 0.0, "cameraFisheyeNominalHeight": 0, "cameraFisheyeNominalWidth": 0, "cameraFisheyeOpticalCentre": [0.0, 0.0], "cameraFisheyePolynomial": [0.0, 0.0, 0.0, 0.0, 0.0, 0.0], "cameraFocalLength": 50.0, "cameraFocusDistance": 0.0, "cameraFStop": 0.0, "cameraModel": "pinhole", "cameraNearFar": [1.0, 1000000.0], "cameraProjection": [4.772130773757322, 0.0, 0.0, 0.0, 0.0, 4.772130773757322, 0.0, 0.0, 0.0, 0.0, 1.000001000001e-06, -1.0, 0.0, 0.0, 1.000001000001, 0.0], "cameraViewTransform": [-0.44945762226783587, -0.6638359389686387, 0.5977538723579875, 0.0, -0.004498513418696393, 0.670824698925859, 0.7416023103308487, 0.0, -0.8932903274761037, 0.3306298072537568, -0.3044935490170167, 0.0, 1.4169231888186324, -0.3029710040998292, -0.9910921582725616, 0.9999999999999998], "metersPerSceneUnit": 1.0, "renderProductResolution": [512, 512]}