{"cameraAperture": [20.954999923706055, 15.290800094604492], "cameraApertureOffset": [0.0, 0.0], "cameraFisheyeLensP": [], "cameraFisheyeLensS": [], "cameraFisheyeMaxFOV": 0.0, "cameraFisheyeNominalHeight": 0, "cameraFisheyeNominalWidth": 0, "cameraFisheyeOpticalCentre": [0.0, 0.0], "cameraFisheyePolynomial": [0.0, 0.0, 0.0, 0.0, 0.0, 0.0], "cameraFocalLength": 50.0, "cameraFocusDistance": 0.0, "cameraFStop": 0.0, "cameraModel": "pinhole", "cameraNearFar": [1.0, 1000000.0], "cameraProjection": [4.772130773757322, 0.0, 0.0, 0.0, 0.0, 4.772130773757322, 0.0, 0.0, 0.0, 0.0, 1.000001000001e-06, -1.0, 0.0, 0.0, 1.000001000001, 0.0], "cameraViewTransform": [-0.6216350964036567, 0.33305298308557973, -0.7089749765520732, 0.0, -0.7380169677583972, 0.05427481706091122, 0.6725958664262699, -0.0, 0.2624895468774268, 0.9413447586781372, 0.21205962154375793, -0.0, 1.2902133867225412, -1.5396795937511567, -0.1972663129182526, 0.9999999999999998], "metersPerSceneUnit": 1.0, "renderProductResolution": [512, 512]}