{"cameraAperture": [20.954999923706055, 15.290800094604492], "cameraApertureOffset": [0.0, 0.0], "cameraFisheyeLensP": [], "cameraFisheyeLensS": [], "cameraFisheyeMaxFOV": 0.0, "cameraFisheyeNominalHeight": 0, "cameraFisheyeNominalWidth": 0, "cameraFisheyeOpticalCentre": [0.0, 0.0], "cameraFisheyePolynomial": [0.0, 0.0, 0.0, 0.0, 0.0, 0.0], "cameraFocalLength": 50.0, "cameraFocusDistance": 0.0, "cameraFStop": 0.0, "cameraModel": "pinhole", "cameraNearFar": [1.0, 1000000.0], "cameraProjection": [4.772130773757322, 0.0, 0.0, 0.0, 0.0, 4.772130773757322, 0.0, 0.0, 0.0, 0.0, 1.000001000001e-06, -1.0, 0.0, 0.0, 1.000001000001, 0.0], "cameraViewTransform": [0.7586052747466797, 0.61939943928228, -0.2021444328773657, 0.0, -0.6481406639638106, 0.6856979395676566, -0.3312582306739277, 0.0, -0.06657114121798938, 0.3823122680342177, 0.9216320376741833, 0.0, -0.18782500388774298, -1.9724037033494106, -0.4524355943606234, 1.0000000000000002], "metersPerSceneUnit": 1.0, "renderProductResolution": [512, 512]}