{"cameraAperture": [20.954999923706055, 15.290800094604492], "cameraApertureOffset": [0.0, 0.0], "cameraFisheyeLensP": [], "cameraFisheyeLensS": [], "cameraFisheyeMaxFOV": 0.0, "cameraFisheyeNominalHeight": 0, "cameraFisheyeNominalWidth": 0, "cameraFisheyeOpticalCentre": [0.0, 0.0], "cameraFisheyePolynomial": [0.0, 0.0, 0.0, 0.0, 0.0, 0.0], "cameraFocalLength": 50.0, "cameraFocusDistance": 0.0, "cameraFStop": 0.0, "cameraModel": "pinhole", "cameraNearFar": [1.0, 1000000.0], "cameraProjection": [4.772130773757322, 0.0, 0.0, 0.0, 0.0, 4.772130773757322, 0.0, 0.0, 0.0, 0.0, 1.000001000001e-06, -1.0, 0.0, 0.0, 1.000001000001, 0.0], "cameraViewTransform": [0.6217736314586891, 0.21146071614962875, -0.7541100163425496, 0.0, -0.26970563521781254, 0.9617795521652954, 0.04731768557823013, 0.0, 0.7352934254802165, 0.1739668317875857, 0.6550413115852767, -0.0, -1.2576631676961771, -1.6380063961159006, 0.07859528075246258, 1.0000000000000002], "metersPerSceneUnit": 1.0, "renderProductResolution": [512, 512]}