{"cameraAperture": [20.954999923706055, 15.290800094604492], "cameraApertureOffset": [0.0, 0.0], "cameraFisheyeLensP": [], "cameraFisheyeLensS": [], "cameraFisheyeMaxFOV": 0.0, "cameraFisheyeNominalHeight": 0, "cameraFisheyeNominalWidth": 0, "cameraFisheyeOpticalCentre": [0.0, 0.0], "cameraFisheyePolynomial": [0.0, 0.0, 0.0, 0.0, 0.0, 0.0], "cameraFocalLength": 50.0, "cameraFocusDistance": 0.0, "cameraFStop": 0.0, "cameraModel": "pinhole", "cameraNearFar": [1.0, 1000000.0], "cameraProjection": [4.772130773757322, 0.0, 0.0, 0.0, 0.0, 4.772130773757322, 0.0, 0.0, 0.0, 0.0, 1.000001000001e-06, -1.0, 0.0, 0.0, 1.000001000001, 0.0], "cameraViewTransform": [0.3949928457328083, 0.6355720516740846, -0.6633466808168207, 0.0, -0.3299899196754918, 0.7720293952187347, 0.5432101488657564, 0.0, 0.8573723256161586, 0.0043335953883191225, 0.5146784580867457, -0.0, -0.7197321973873562, -1.3752980026174013, -0.23682521040091614, 1.0000000000000002], "metersPerSceneUnit": 1.0, "renderProductResolution": [512, 512]}