{"cameraAperture": [20.954999923706055, 15.290800094604492], "cameraApertureOffset": [0.0, 0.0], "cameraFisheyeLensP": [], "cameraFisheyeLensS": [], "cameraFisheyeMaxFOV": 0.0, "cameraFisheyeNominalHeight": 0, "cameraFisheyeNominalWidth": 0, "cameraFisheyeOpticalCentre": [0.0, 0.0], "cameraFisheyePolynomial": [0.0, 0.0, 0.0, 0.0, 0.0, 0.0], "cameraFocalLength": 50.0, "cameraFocusDistance": 0.0, "cameraFStop": 0.0, "cameraModel": "pinhole", "cameraNearFar": [1.0, 1000000.0], "cameraProjection": [4.772130773757322, 0.0, 0.0, 0.0, 0.0, 4.772130773757322, 0.0, 0.0, 0.0, 0.0, 1.000001000001e-06, -1.0, 0.0, 0.0, 1.000001000001, 0.0], "cameraViewTransform": [-0.7390947769934545, 0.6154252893909787, 0.27384415969493675, 0.0, -0.12090877351929077, -0.5211415506026048, 0.8448624460357872, 0.0, 0.6626612853540312, 0.591323259658829, 0.4595833150576729, -0.0, 0.4271193762109989, -0.5574912799251214, -1.3146668390844416, 1.0000000000000002], "metersPerSceneUnit": 1.0, "renderProductResolution": [512, 512]}