{"cameraAperture": [20.954999923706055, 15.290800094604492], "cameraApertureOffset": [0.0, 0.0], "cameraFisheyeLensP": [], "cameraFisheyeLensS": [], "cameraFisheyeMaxFOV": 0.0, "cameraFisheyeNominalHeight": 0, "cameraFisheyeNominalWidth": 0, "cameraFisheyeOpticalCentre": [0.0, 0.0], "cameraFisheyePolynomial": [0.0, 0.0, 0.0, 0.0, 0.0, 0.0], "cameraFocalLength": 50.0, "cameraFocusDistance": 0.0, "cameraFStop": 0.0, "cameraModel": "pinhole", "cameraNearFar": [1.0, 1000000.0], "cameraProjection": [4.772130773757322, 0.0, 0.0, 0.0, 0.0, 4.772130773757322, 0.0, 0.0, 0.0, 0.0, 1.000001000001e-06, -1.0, 0.0, 0.0, 1.000001000001, 0.0], "cameraViewTransform": [0.5869429470212675, -0.8001040485724924, -0.12382038765848086, 0.0, 0.4265205763222481, 0.4355621979531717, -0.7926952565065213, 0.0, 0.6881701642150196, 0.41245494683917766, 0.5969109999925988, -0.0, -1.899555782142493, 0.03374783078477883, 0.3011057023286605, 1.0000000000000002], "metersPerSceneUnit": 1.0, "renderProductResolution": [512, 512]}