{"cameraAperture": [20.954999923706055, 15.290800094604492], "cameraApertureOffset": [0.0, 0.0], "cameraFisheyeLensP": [], "cameraFisheyeLensS": [], "cameraFisheyeMaxFOV": 0.0, "cameraFisheyeNominalHeight": 0, "cameraFisheyeNominalWidth": 0, "cameraFisheyeOpticalCentre": [0.0, 0.0], "cameraFisheyePolynomial": [0.0, 0.0, 0.0, 0.0, 0.0, 0.0], "cameraFocalLength": 50.0, "cameraFocusDistance": 0.0, "cameraFStop": 0.0, "cameraModel": "pinhole", "cameraNearFar": [1.0, 1000000.0], "cameraProjection": [4.772130773757322, 0.0, 0.0, 0.0, 0.0, 4.772130773757322, 0.0, 0.0, 0.0, 0.0, 1.000001000001e-06, -1.0, 0.0, 0.0, 1.000001000001, 0.0], "cameraViewTransform": [-0.3331967387251167, -0.9428170548951059, 0.008714029025931113, 0.0, -0.2395651402360166, 0.09359525026260489, 0.9663583562591971, 0.0, -0.9119147311490494, 0.31989987515971124, -0.2570517321205157, 0.0, 1.3525427910109162, 0.8256468452914425, -0.9082799496449164, 0.9999999999999998], "metersPerSceneUnit": 1.0, "renderProductResolution": [512, 512]}