{"cameraAperture": [20.954999923706055, 15.290800094604492], "cameraApertureOffset": [0.0, 0.0], "cameraFisheyeLensP": [], "cameraFisheyeLensS": [], "cameraFisheyeMaxFOV": 0.0, "cameraFisheyeNominalHeight": 0, "cameraFisheyeNominalWidth": 0, "cameraFisheyeOpticalCentre": [0.0, 0.0], "cameraFisheyePolynomial": [0.0, 0.0, 0.0, 0.0, 0.0, 0.0], "cameraFocalLength": 50.0, "cameraFocusDistance": 0.0, "cameraFStop": 0.0, "cameraModel": "pinhole", "cameraNearFar": [1.0, 1000000.0], "cameraProjection": [4.772130773757322, 0.0, 0.0, 0.0, 0.0, 4.772130773757322, 0.0, 0.0, 0.0, 0.0, 1.000001000001e-06, -1.0, 0.0, 0.0, 1.000001000001, 0.0], "cameraViewTransform": [-0.4453188322095336, -0.8058511164324986, -0.3902500683203436, 0.0, 0.40671540579096743, -0.5703493635752757, 0.7136414941422387, 0.0, -0.7976676728887951, 0.15907728189082707, 0.5817393763657401, 0.0, 0.7675388573111418, 1.5216535525751849, -0.962980296664803, 0.9999999999999998], "metersPerSceneUnit": 1.0, "renderProductResolution": [512, 512]}