{"cameraAperture": [20.954999923706055, 15.290800094604492], "cameraApertureOffset": [0.0, 0.0], "cameraFisheyeLensP": [], "cameraFisheyeLensS": [], "cameraFisheyeMaxFOV": 0.0, "cameraFisheyeNominalHeight": 0, "cameraFisheyeNominalWidth": 0, "cameraFisheyeOpticalCentre": [0.0, 0.0], "cameraFisheyePolynomial": [0.0, 0.0, 0.0, 0.0, 0.0, 0.0], "cameraFocalLength": 50.0, "cameraFocusDistance": 0.0, "cameraFStop": 0.0, "cameraModel": "pinhole", "cameraNearFar": [1.0, 1000000.0], "cameraProjection": [4.772130773757322, 0.0, 0.0, 0.0, 0.0, 4.772130773757322, 0.0, 0.0, 0.0, 0.0, 1.000001000001e-06, -1.0, 0.0, 0.0, 1.000001000001, 0.0], "cameraViewTransform": [-0.4951883571667448, -0.8687783601263682, -0.0035569513123850927, 0.0, 0.49507970273963403, -0.28554634432076414, 0.8205847751331261, 0.0, -0.7139219697290008, 0.4045830523158204, 0.571513757417158, 0.0, 0.8362513977924837, 1.0914377939383035, -1.639667784792235, 1.0000000000000002], "metersPerSceneUnit": 1.0, "renderProductResolution": [512, 512]}