{"cameraAperture": [20.954999923706055, 15.290800094604492], "cameraApertureOffset": [0.0, 0.0], "cameraFisheyeLensP": [], "cameraFisheyeLensS": [], "cameraFisheyeMaxFOV": 0.0, "cameraFisheyeNominalHeight": 0, "cameraFisheyeNominalWidth": 0, "cameraFisheyeOpticalCentre": [0.0, 0.0], "cameraFisheyePolynomial": [0.0, 0.0, 0.0, 0.0, 0.0, 0.0], "cameraFocalLength": 50.0, "cameraFocusDistance": 0.0, "cameraFStop": 0.0, "cameraModel": "pinhole", "cameraNearFar": [1.0, 1000000.0], "cameraProjection": [4.772130773757322, 0.0, 0.0, 0.0, 0.0, 4.772130773757322, 0.0, 0.0, 0.0, 0.0, 1.000001000001e-06, -1.0, 0.0, 0.0, 1.000001000001, 0.0], "cameraViewTransform": [-0.9309540921909571, -0.3486110173229251, 0.10860403691385498, 0.0, 0.1360564231325391, -0.05517653279620481, 0.9891633838517118, -0.0, -0.33884085933855473, 0.935641976842459, 0.09879758708108824, 0.0, 1.2856923860103444, -0.4309769674289169, -1.594898097098876, 1.0000000000000002], "metersPerSceneUnit": 1.0, "renderProductResolution": [512, 512]}