{"cameraAperture": [20.954999923706055, 15.290800094604492], "cameraApertureOffset": [0.0, 0.0], "cameraFisheyeLensP": [], "cameraFisheyeLensS": [], "cameraFisheyeMaxFOV": 0.0, "cameraFisheyeNominalHeight": 0, "cameraFisheyeNominalWidth": 0, "cameraFisheyeOpticalCentre": [0.0, 0.0], "cameraFisheyePolynomial": [0.0, 0.0, 0.0, 0.0, 0.0, 0.0], "cameraFocalLength": 50.0, "cameraFocusDistance": 0.0, "cameraFStop": 0.0, "cameraModel": "pinhole", "cameraNearFar": [1.0, 1000000.0], "cameraProjection": [4.772130773757322, 0.0, 0.0, 0.0, 0.0, 4.772130773757322, 0.0, 0.0, 0.0, 0.0, 1.000001000001e-06, -1.0, 0.0, 0.0, 1.000001000001, 0.0], "cameraViewTransform": [0.5733182611202596, 0.7436158742821753, -0.3440081437722047, 0.0, -0.7953688734483525, 0.6059203171407814, -0.0157773389870913, 0.0, 0.1967092438487337, 0.28265880632234175, 0.9388341028067146, -0.0, 0.1720943574290621, -1.5556280577915949, -0.5049562875405471, 1.0000000000000002], "metersPerSceneUnit": 1.0, "renderProductResolution": [512, 512]}