{"cameraAperture": [20.954999923706055, 15.290800094604492], "cameraApertureOffset": [0.0, 0.0], "cameraFisheyeLensP": [], "cameraFisheyeLensS": [], "cameraFisheyeMaxFOV": 0.0, "cameraFisheyeNominalHeight": 0, "cameraFisheyeNominalWidth": 0, "cameraFisheyeOpticalCentre": [0.0, 0.0], "cameraFisheyePolynomial": [0.0, 0.0, 0.0, 0.0, 0.0, 0.0], "cameraFocalLength": 50.0, "cameraFocusDistance": 0.0, "cameraFStop": 0.0, "cameraModel": "pinhole", "cameraNearFar": [1.0, 1000000.0], "cameraProjection": [4.772130773757322, 0.0, 0.0, 0.0, 0.0, 4.772130773757322, 0.0, 0.0, 0.0, 0.0, 1.000001000001e-06, -1.0, 0.0, 0.0, 1.000001000001, 0.0], "cameraViewTransform": [0.4762804385293338, -0.4793724792738001, 0.7371288693228583, -0.0, -0.17629516716895383, 0.7692364631409621, 0.6141622569054969, 0.0, -0.8614388880861925, -0.42246572628945067, 0.2818612286277608, 0.0, 0.3361512192776315, -0.033577701663624775, -1.947247497754037, 0.9999999999999998], "metersPerSceneUnit": 1.0, "renderProductResolution": [512, 512]}