{"cameraAperture": [20.954999923706055, 15.290800094604492], "cameraApertureOffset": [0.0, 0.0], "cameraFisheyeLensP": [], "cameraFisheyeLensS": [], "cameraFisheyeMaxFOV": 0.0, "cameraFisheyeNominalHeight": 0, "cameraFisheyeNominalWidth": 0, "cameraFisheyeOpticalCentre": [0.0, 0.0], "cameraFisheyePolynomial": [0.0, 0.0, 0.0, 0.0, 0.0, 0.0], "cameraFocalLength": 50.0, "cameraFocusDistance": 0.0, "cameraFStop": 0.0, "cameraModel": "pinhole", "cameraNearFar": [1.0, 1000000.0], "cameraProjection": [4.772130773757322, 0.0, 0.0, 0.0, 0.0, 4.772130773757322, 0.0, 0.0, 0.0, 0.0, 1.000001000001e-06, -1.0, 0.0, 0.0, 1.000001000001, 0.0], "cameraViewTransform": [-0.6320949944666308, 0.5870448280684867, 0.5058006403794589, -0.0, 0.07616578938308956, -0.6025083206869556, 0.7944699465874309, 0.0, 0.7711385676374127, 0.5407051815370603, 0.33612976089762364, -0.0, -0.25708175240390485, -0.4288176441850641, -1.800963209363368, 0.9999999999999998], "metersPerSceneUnit": 1.0, "renderProductResolution": [512, 512]}