{"cameraAperture": [20.954999923706055, 15.290800094604492], "cameraApertureOffset": [0.0, 0.0], "cameraFisheyeLensP": [], "cameraFisheyeLensS": [], "cameraFisheyeMaxFOV": 0.0, "cameraFisheyeNominalHeight": 0, "cameraFisheyeNominalWidth": 0, "cameraFisheyeOpticalCentre": [0.0, 0.0], "cameraFisheyePolynomial": [0.0, 0.0, 0.0, 0.0, 0.0, 0.0], "cameraFocalLength": 50.0, "cameraFocusDistance": 0.0, "cameraFStop": 0.0, "cameraModel": "pinhole", "cameraNearFar": [1.0, 1000000.0], "cameraProjection": [4.772130773757322, 0.0, 0.0, 0.0, 0.0, 4.772130773757322, 0.0, 0.0, 0.0, 0.0, 1.000001000001e-06, -1.0, 0.0, 0.0, 1.000001000001, 0.0], "cameraViewTransform": [-0.2564554164791773, 0.2856796627598866, 0.9233730284364434, 0.0, 0.9078723805012724, 0.39900250235519535, 0.1287040940966718, -0.0, -0.3316600067560822, 0.8713117314714003, -0.3616870284083546, 0.0, -0.6918853648149976, -1.342583191999214, -0.6695885245183584, 1.0], "metersPerSceneUnit": 1.0, "renderProductResolution": [512, 512]}